0,
 0 , -10.841974079347738
 0 , -5.036912332107698
 0 , -3.086093985909415
 0 , -3.097854638010239
 0 , -3.0803717814126896
 0 , -3.068270088706488
 0 , -3.0474405071744117
 0 , -3.1311198795882578
 0 , -3.0454093402911644
 0 , -3.304542785530373
 0 , -2.645332669215943
 0 , -2.065051350001428
 0 , -1.9784381044407626
 0 , -2.077918479913304
 0 , -2.0014526385856626
 0 , -2.013501961297627
 0 , -1.9183204268244363
 0 , -1.9373841267780876
 0 , -1.9644635323919981
 0 , -1.9699225636329802
 10 , -2.5175051423899992
 10 , -2.442057471146928
 10 , -1.9902119190707284
 10 , -2.630280095143112
 10 , -2.874830109947726
 10 , -2.0351861149689707
 10 , -1.9897109475915733
 10 , -2.328773870074985
 10 , -2.6183970455345804
 10 , -1.9891846455725033
 10 , -2.089845833990866
 10 , -3.1892859761876116
 10 , -2.2621905402072215
 10 , -1.9684902734167562
 10 , -2.354695606636704
 10 , -2.7074086713004073
 10 , -2.0637057236307963
 10 , -2.0565110001921036
 10 , -3.3381337851504744
 10 , -2.2689945218541037
 20 , -2.150809881971946
 20 , -2.808236650486538
 20 , -2.588184994992347
 20 , -2.2139878200237466
 20 , -3.349280524718394
 20 , -3.01539788318566
 20 , -2.5951699403324016
 20 , -2.151929129618742
 20 , -2.5930299546268816
 20 , -2.686598874033085
 20 , -2.1698167887444604
 20 , -2.2136251755906504
 20 , -2.9354527457648154
 20 , -2.525484343104418
 20 , -2.2086316280558345
 20 , -2.749722493218363
 20 , -2.8870862821149585
 20 , -2.1731125648160847
 20 , -2.143899617964969
 20 , -2.6763939625804554
 20 , -2.6564269550548234
 30 , -4.17689408426304
 30 , -3.48297790961475
 30 , -2.7204149840551928
 30 , -3.322565865478406
 30 , -2.82669449247095
 30 , -2.74183194878125
 30 , -2.2189073692104513
 30 , -2.8519983400042515
 30 , -3.4531413192451543
 30 , -2.1952517868507906
 30 , -2.7456498525872
 30 , -2.9600176975811374
 30 , -2.1829849129501335
 30 , -2.1655642099097707
 30 , -2.691808405545357
 30 , -2.6080958147871747
 30 , -2.1913566525657586
 30 , -2.7383388813890046
 30 , -3.1526592173427845
 30 , -2.412427739096589
 30 , -2.211677772082779
 40 , -2.8144412372660836
 40 , -2.9311773242655903
 40 , -2.1706351578984124
 40 , -2.2098397050239478
 40 , -4.041616726236002
 40 , -2.4729949497427657
 40 , -2.183194003276083
 40 , -2.779426550096419
 40 , -3.0074060698289538
 40 , -2.192685144450727
 40 , -2.1964646908947043
 40 , -2.6880651469329573
 40 , -2.6258476609232946
 40 , -2.1876613856439504
 40 , -2.1792504867130744
 40 , -2.881328093516233
 40 , -2.5238223749515987
 40 , -2.2324742838672176
 40 , -3.164823917133315
 40 , -3.334791359976743
 40 , -3.905112625370943
 50 , -2.356680820655522
 50 , -2.978705209701256
 50 , -2.812532076978645
 50 , -2.367941314061418
 50 , -3.537964519824577
 50 , -3.222952052655439
 50 , -2.3927107964123335
 50 , -2.507097541916816
 50 , -2.8265304705854515
 50 , -2.825798798247972
 50 , -2.425538581269752
 50 , -2.4045023501496403
 50 , -3.0916417596861305
 50 , -2.667705183814377
 50 , -2.4317460167958966
 50 , -3.034152066022781
 50 , -3.13348035119114
 50 , -2.376380279675802
 50 , -2.3953953089029274
 50 , -2.8353417211404546
 50 , -2.9219055778235896
 50 , -2.3687510059717254
 60 , -2.85707965434947
 60 , -2.422073526253702
 60 , -3.3918238997682093
 60 , -3.2237512308779968
 60 , -2.4239876588798475
 60 , -2.4507918629509655
 60 , -2.7204317562473634
 60 , -3.1228747936745407
 60 , -2.460412060643085
 60 , -3.0163766520032382
 60 , -3.5797553041632657
 60 , -2.519489702669537
 60 , -2.4236705180714675
 60 , -2.8552437599219855
 60 , -3.0589666911308284
 60 , -2.3747436796459516
 60 , -2.3474055016208255
 60 , -2.784051450963206
 60 , -2.9240911885089855
 60 , -2.4072970479247253
 60 , -2.9487322210228166
 60 , -3.214992731712866
 70 , -2.404881304548003
 70 , -2.3614894018599224
 70 , -2.973518978962681
 70 , -2.825693622676974
 70 , -2.3701545942285183
 70 , -3.446927104428382
 70 , -3.2090212975949726
 70 , -2.3652148323127618
 70 , -2.3972898751870564
 70 , -3.343629457912998
 70 , -2.915201022006541
 70 , -2.3882459654016692
 70 , -2.3593643813565808
 70 , -3.0366304693664947
 70 , -2.791118165721462
 70 , -2.430870467540076
 70 , -3.0880685172220073
 70 , -3.1889482003226766
 70 , -2.4459315997814732
 70 , -2.37807041698104
 70 , -2.807919800306351
 70 , -3.107496343348775
 80 , -3.000412243634484
 80 , -2.3537533271260607
 80 , -2.3248683527347933
 80 , -2.988687541157569
 80 , -2.764680190903638
 80 , -2.396533908623211
 80 , -4.368109079533571
 80 , -4.454813591260506
 80 , -3.031807728360149
 80 , -3.4170242310842633
 80 , -2.9960197878661274
 80 , -2.764624077732913
 80 , -2.3931563112886565
 80 , -2.9998251793727873
 80 , -3.041171803590234
 80 , -2.307222171365482
 80 , -3.479597183862043
 80 , -3.787406451620315
 80 , -2.432782910405212
 80 , -2.934837503540548
 80 , -3.2638338375301004
 80 , -2.5386363307198234
 90 , -2.557709473128005
 90 , -2.5741862010806384
 90 , -2.855689962328107
 90 , -3.1248509086417093
 90 , -2.560411376438727
 90 , -2.561561225602759
 90 , -3.1131289847970085
 90 , -2.9566832375015317
 90 , -2.600231801483091
 90 , -3.724265414711187
 90 , -3.3637952073474624
 90 , -2.5876499447411163
 90 , -2.576475003945957
 90 , -2.8908034277935872
 90 , -3.139583433334117
 90 , -2.65787396776651
 90 , -2.5956521554524583
 90 , -3.198920791739605
 90 , -3.0172829848461715
 90 , -2.6124823020378956
 90 , -3.7030429993289675
 90 , -3.389712206034588
 90 , -2.5900527067099173
,
,
0,
 11 , -2.7678924164986602
 11 , -3.1724891515307583
 11 , -3.3454696229897447
 11 , -2.679896537587024
 11 , -2.655763157277095
 11 , -3.1250814739055004
 11 , -3.0735761082133384
 11 , -2.7321911917688024
 11 , -3.458880803774434
 11 , -3.3510617701250323
 11 , -2.6883729814899477
 11 , -2.705080298862663
 11 , -3.0941197348380594
 11 , -3.168210753466126
 11 , -2.679181873828569
 11 , -2.801899010231212
 11 , -3.9242311713342133
 11 , -2.8512948673271636
 11 , -2.659303708192711
 11 , -2.958993915954087
 11 , -3.23368925582141
 11 , -2.716027386677886
 11 , -2.8176482550344266
 21 , -2.758508949842255
 21 , -3.2935023282478686
 21 , -3.614341778107856
 21 , -2.965440615179879
 21 , -2.7265015067881593
 21 , -3.2568354005581406
 21 , -3.446978846562756
 21 , -2.7869251747162957
 21 , -2.7118415368443833
 21 , -3.410687858579806
 21 , -3.218128729459343
 21 , -2.8681702915374245
 21 , -3.6346587622938853
 21 , -3.665596034586534
 21 , -2.838817789501876
 21 , -2.8089784293002373
 21 , -3.2563045682046496
 21 , -3.172325397937137
 21 , -2.7532338597003236
 21 , -3.3407789674900923
 21 , -3.5955833418143675
 21 , -3.0083066084135153
 21 , -2.742069635369202
 21 , -4.158237748645074
 31 , -3.1106160933861893
 31 , -3.518876304587874
 31 , -2.773027906496097
 31 , -2.7470709250822045
 31 , -4.027516029306755
 31 , -3.0951444367824994
 31 , -3.0367869046133347
 31 , -3.6796071858068595
 31 , -3.547856796667105
 31 , -2.792224188493666
 31 , -2.77919866294156
 31 , -3.429077363765578
 31 , -3.2158259416944506
 31 , -2.7555992142627295
 31 , -3.7936382775309907
 31 , -3.5188656426447573
 31 , -4.6290112621769195
 31 , -3.106767487766069
 31 , -5.13048810747192
 31 , -2.8644924554060913
 31 , -3.7872395778698698
 31 , -3.5140219508809247
 31 , -2.7636971072905085
 31 , -2.7468721358217674
 41 , -4.3596226484775435
 41 , -3.6723190995385786
 41 , -3.904428525868161
 41 , -3.9744847051432695
 41 , -3.5420642523618966
 41 , -2.8937244503826527
 41 , -2.7595719230337314
 41 , -4.064676911349043
 41 , -3.1664090096919626
 41 , -3.3448624674880922
 41 , -3.181929385150192
 41 , -3.410716373795517
 41 , -2.7395804185930785
 41 , -2.72056791269522
 41 , -3.246283406995345
 41 , -3.204447152177158
 41 , -2.7666819035412065
 41 , -3.321287649722891
 41 , -3.7643100606195894
 41 , -3.01076844833186
 41 , -2.759658605996827
 41 , -4.1788970655961934
 41 , -3.219929757584113
 41 , -2.7605104363197386
 51 , -2.7284632982417256
 51 , -3.3544514776861343
 51 , -3.1898803463381604
 51 , -2.797415488601383
 51 , -3.7942152385478285
 51 , -3.621354223564274
 51 , -2.7776857991568416
 51 , -2.752415995303203
 51 , -3.1263261236905167
 51 , -3.322820420808896
 51 , -2.820377277630755
 51 , -2.705484253677523
 51 , -3.357452757647627
 51 , -3.1818041434499795
 51 , -2.7410738980663534
 51 , -3.7950892363384243
 51 , -3.6036668198678425
 51 , -2.8182958915657874
 51 , -2.8133912701158694
 51 , -5.782822825019665
 51 , -3.7638596794234873
 51 , -4.831260419837706
 51 , -3.8916379979192017
 51 , -3.5613494960766943
 61 , -3.132585644546161
 61 , -2.762881762853496
 61 , -3.357527811189574
 61 , -3.509773071430592
 61 , -2.8547324773046907
 61 , -2.784429701994659
 61 , -3.3840720212118196
 61 , -3.175855513549926
 61 , -2.8214410023870693
 61 , -3.74381342046581
 61 , -3.507084905454194
 61 , -2.8060302186601103
 61 , -2.8384615869527545
 61 , -3.099621664859788
 61 , -3.360365903674239
 61 , -2.733460831468637
 61 , -2.7323636676020264
 61 , -3.388918028383112
 61 , -3.194833449635268
 61 , -2.8102757940432848
 61 , -3.7491985650813078
 61 , -3.5348883199783474
 61 , -2.8543581303309513
 61 , -2.782223359665217
 71 , -2.8054041693802
 71 , -3.248712676220735
 71 , -3.6679952847119597
 71 , -3.0233186416164943
 71 , -2.827099295306581
 71 , -3.1736411204804487
 71 , -3.4574686244673303
 71 , -2.737320644764838
 71 , -2.7435888590842246
 71 , -3.2261833475916326
 71 , -3.265268305291389
 71 , -2.968685146376882
 71 , -3.3446564293803593
 71 , -3.5089800380146
 71 , -2.9943447555880374
 71 , -2.7573943432211885
 71 , -3.408953306177672
 71 , -3.6064667045691445
 71 , -2.697522300608704
 71 , -2.7879631149313666
 71 , -3.2293013182598846
 71 , -3.2807646625980755
 71 , -2.744268208550997
 71 , -3.286927903305734
 81 , -2.8999775044608778
 81 , -3.6442603563970497
 81 , -3.667371700003935
 81 , -2.979077852485459
 81 , -2.888158203257149
 81 , -3.3981318611203153
 81 , -3.350211299239834
 81 , -2.9541573020535825
 81 , -3.5270793774847284
 81 , -3.77933739266034
 81 , -3.131487228188105
 81 , -2.9511233703913726
 81 , -3.408432245191981
 81 , -3.6174676517976394
 81 , -2.9168906895594326
 81 , -2.945477865017521
 81 , -3.4381876401949594
 81 , -3.3622345942163774
 81 , -2.8787280066003724
 81 , -2.977221667827995
 81 , -3.6306792512629564
 81 , -3.211752169430293
 81 , -2.943995336903898
 81 , -3.975363615752292
 81 , -3.6545971739047434
 91 , -2.9387318583533926
 91 , -3.321482441555877
 91 , -3.550493194010995
 91 , -2.901123876530438
 91 , -2.933571398101024
 91 , -3.59301246663972
 91 , -3.3414536297479973
 91 , -2.9720432380493556
 91 , -4.067890194784786
 91 , -3.7621139370707333
 91 , -4.611302558389074
 91 , -4.874549625894723
 91 , -3.9008868851807517
 91 , -4.130651984952702
 91 , -4.298295662415777
 91 , -3.827032620867368
 91 , -3.0316375421663864
 91 , -2.953878477837252
 91 , -3.624884123304554
 91 , -3.446425104462381
 91 , -3.738737919833994
 91 , -3.6700895265224824
 91 , -3.642515760299594
 91 , -3.0528611287326206
 91 , -2.956322392494401
,
,
0,
 22 , -3.432902053408309
 22 , -2.927662891271499
 22 , -3.5365781708722017
 22 , -3.9218833759382337
 22 , -3.172778674892389
 22 , -3.1925173702783765
 22 , -3.8604726958181312
 22 , -3.5914955218282856
 22 , -2.9318156096767014
 22 , -4.456070440794658
 22 , -3.8471707084821407
 22 , -2.9698185751402537
 22 , -3.021070664513984
 22 , -3.907030683179002
 22 , -3.377605671003888
 22 , -2.874255889547954
 22 , -3.448873033226918
 22 , -3.8242938147278185
 22 , -3.2418874255123886
 22 , -2.9642181847024944
 22 , -3.334392636545826
 22 , -3.653408708004398
 22 , -2.9669370360966245
 22 , -3.0330375341905134
 22 , -3.613159106739446
 32 , -5.020447589137279
 32 , -3.249992726090455
 32 , -3.0300749811680268
 32 , -3.3230880871204196
 32 , -3.8122901163477603
 32 , -2.960210576886586
 32 , -3.0384145562479636
 32 , -3.5315973855108584
 32 , -3.413670998252937
 32 , -2.9306762057292373
 32 , -2.949472659633599
 32 , -3.8334362218530247
 32 , -3.3081480317804406
 32 , -2.9265390003901843
 32 , -3.597230063668163
 32 , -3.746119432971616
 32 , -2.964818924748307
 32 , -2.943162363953389
 32 , -3.432977902615027
 32 , -3.3700651049433574
 32 , -2.9323589464630393
 32 , -2.978294785876514
 32 , -3.730665088692
 32 , -3.202725560167805
 32 , -2.924268196595941
 42 , -3.5468628114985217
 42 , -3.8070867629750316
 42 , -3.1825063626174344
 42 , -2.9873925015151275
 42 , -3.8741260840251805
 42 , -3.5202609567651577
 42 , -2.91565359764839
 42 , -2.940446236672085
 42 , -3.543082935250621
 42 , -3.3845011859294365
 42 , -2.8528449540444765
 42 , -3.9114108331588375
 42 , -3.6420572065646506
 42 , -2.997277675754871
 42 , -2.9409118215472017
 42 , -3.258140356793956
 42 , -3.5956415319700614
 42 , -3.0029269815166684
 42 , -2.949001935239886
 42 , -3.51996841661809
 42 , -3.3645418004717835
 42 , -2.971770489169106
 42 , -3.961649858918977
 42 , -3.642257624439811
 42 , -2.9713826962112266
 52 , -3.830216499091477
 52 , -3.5212586311370013
 52 , -3.438454259450511
 52 , -2.9939674982186526
 52 , -3.2777953645611904
 52 , -3.839439304185908
 52 , -3.229564523678431
 52 , -3.4881062861894567
 52 , -3.8056152177457525
 52 , -3.1356516473499263
 52 , -2.9272158045764836
 52 , -3.377623130468587
 52 , -3.6148819986234026
 52 , -2.9246269983570046
 52 , -2.9529021770405683
 52 , -3.393296329473712
 52 , -3.3726633179117744
 52 , -2.916307691489994
 52 , -3.5070761342847105
 52 , -3.7995592819317863
 52 , -3.1034021166103702
 52 , -2.947769551878075
 52 , -3.8523182365141064
 52 , -3.6838373014252017
 52 , -2.9543156794351786
 62 , -3.2778045524732384
 62 , -3.5486333018179566
 62 , -2.933171890126432
 62 , -2.949616344284483
 62 , -3.472620355908374
 62 , -3.3255015013303373
 62 , -3.2623137185726447
 62 , -3.9659569971392914
 62 , -3.705493563920978
 62 , -2.9336023404770835
 62 , -2.945219974555035
 62 , -3.3626841201179465
 62 , -3.3814864305181485
 62 , -2.9053248391665454
 62 , -3.50669505925469
 62 , -3.771753418329837
 62 , -3.167712155775466
 62 , -3.011355164028331
 62 , -3.415880833458363
 62 , -3.652683953968081
 62 , -4.777536335333597
 62 , -3.7381498497850005
 62 , -4.987510702637396
 62 , -4.228653308510561
 62 , -3.778753885201197
 72 , -3.7227933105119466
 72 , -3.188853670680574
 72 , -2.9251773249354636
 72 , -3.2761815636107543
 72 , -3.8413675057530106
 72 , -2.9395331261461957
 72 , -2.9307314966643263
 72 , -3.425109619430401
 72 , -3.365199705184114
 72 , -2.966923876501854
 72 , -3.4893578691827987
 72 , -3.8812874392329295
 72 , -3.0955942914485544
 72 , -2.9453351454787526
 72 , -3.6686650489301824
 72 , -3.521347913509272
 72 , -2.9941723808630587
 72 , -2.8952618933377217
 72 , -3.531973393276781
 72 , -3.296558875419237
 72 , -2.925266455776998
 72 , -4.330210906232276
 72 , -3.6851624712770974
 72 , -2.916372041456108
 72 , -2.9464585905874605
 82 , -2.947628559907767
 82 , -2.9231412112683737
 82 , -3.379726731611148
 82 , -3.4135057594847087
 82 , -2.96265477386213
 82 , -3.4670662392198484
 82 , -3.8368451954521303
 82 , -3.1470953514465023
 82 , -3.004710791781183
 82 , -3.6288736357763507
 82 , -3.6021248160909054
 82 , -2.918663609963618
 82 , -2.9272478989666793
 82 , -4.299911569839899
 82 , -3.282631642866109
 82 , -2.985900194456291
 82 , -3.582143341229103
 82 , -3.736303407543968
 82 , -2.9308304656804425
 82 , -2.922737419076614
 82 , -3.4216903801313547
 82 , -3.3842088198925078
 82 , -2.913678513066866
 82 , -3.4896660902925496
 82 , -3.8482737523872235
 92 , -4.268518131234243
 92 , -3.2219390844546583
 92 , -3.003972021127531
 92 , -3.4907087266730437
 92 , -3.7178773215215566
 92 , -2.921443812717888
 92 , -3.004640127470588
 92 , -3.4089399129441245
 92 , -3.447683356092192
 92 , -2.9429600227796815
 92 , -3.0321085775138537
 92 , -3.636774481406077
 92 , -3.291838323385863
 92 , -2.974217496495296
 92 , -3.9253362255054842
 92 , -3.8572166800381433
 92 , -2.9816486209789907
 92 , -3.1812163717132296
 92 , -3.4932702644533893
 92 , -3.5181185853396455
 92 , -2.96375399438869
 92 , -3.9450863446265028
 92 , -3.685618355209538
 92 , -3.045766349208307
 92 , -2.983386020530167
,
,
0,
 33 , -3.496015006285032
 33 , -3.473533038110452
 33 , -2.7830004846458714
 33 , -2.8138542275236715
 33 , -3.228608023577031
 33 , -3.3060571801671843
 33 , -2.8140178049141076
 33 , -2.7310883871342457
 33 , -3.3946059013661216
 33 , -3.168215025863569
 33 , -2.7416155941694424
 33 , -3.7957534266341724
 33 , -3.573120117070415
 33 , -2.777057300002663
 33 , -2.7833244744819234
 33 , -3.135519366270907
 33 , -3.365442523924216
 33 , -2.767359855071802
 33 , -2.751152675549418
 33 , -3.340575150507626
 33 , -3.1426564607950374
 33 , -2.7343916756976934
 33 , -3.7683425705756046
 33 , -3.6770194624333064
 43 , -2.7614917938667274
 43 , -3.117629976696036
 43 , -3.340711834516752
 43 , -2.7876405681115175
 43 , -2.7629490704234905
 43 , -3.346264425109622
 43 , -3.1798153222334564
 43 , -2.709652732351695
 43 , -3.7818202697176857
 43 , -3.4404350984415717
 43 , -2.813265843240626
 43 , -2.7407827847366457
 43 , -3.0822596425569815
 43 , -3.330492147974639
 43 , -2.7466938268498313
 43 , -2.740319735714129
 43 , -3.3711530520769886
 43 , -3.2425547007166107
 43 , -2.767683911589029
 43 , -3.8259079461019057
 43 , -3.6688686321232606
 43 , -2.8269199010219905
 43 , -2.769983026379103
 43 , -3.142726220650938
 53 , -3.420000472009756
 53 , -4.154153177075452
 53 , -3.0601523854063655
 53 , -2.783457907336453
 53 , -3.7234928925664623
 53 , -3.315509674566351
 53 , -2.803485033760932
 53 , -3.27438767758598
 53 , -3.561753900931807
 53 , -3.087343091340873
 53 , -2.8487514909991067
 53 , -3.142698417944119
 53 , -3.4318350449127943
 53 , -2.8077494778661776
 53 , -2.801209606476341
 53 , -4.031813670386535
 53 , -3.1003021671323268
 53 , -2.8738438964339856
 53 , -5.202195338013693
 53 , -4.298187446498892
 53 , -4.626395159103764
 53 , -3.6101323192537076
 53 , -2.936734545274717
 53 , -2.7647930023851286
 63 , -3.88264822143438
 63 , -3.134918297093706
 63 , -3.3532414272725424
 63 , -3.789764649960972
 63 , -3.140655695889254
 63 , -2.7657502365274955
 63 , -3.5841091658030457
 63 , -3.4757130205755216
 63 , -2.8073781580273467
 63 , -2.7724119447859215
 63 , -3.3485882848287556
 63 , -3.248401876625725
 63 , -2.762593211203135
 63 , -3.993173779424456
 63 , -3.5383444000659825
 63 , -2.7820992264705864
 63 , -2.7815004811466224
 63 , -3.2366729288948943
 63 , -3.2949463420909906
 63 , -2.711939783827717
 63 , -3.289311579942514
 63 , -3.622622648900509
 63 , -2.9781705926300144
 63 , -2.7796619819995456
 73 , -3.258747434944565
 73 , -3.2863826416445443
 73 , -2.804993856020164
 73 , -3.412800329149456
 73 , -4.559559228360819
 73 , -2.8290351948149013
 73 , -2.8749247161246276
 73 , -3.314850413444212
 73 , -3.365703282236643
 73 , -2.785282725532273
 73 , -3.4880249299695754
 73 , -3.6008974261961324
 73 , -2.988567249923844
 73 , -2.838848149402982
 73 , -3.7592414544516006
 73 , -3.3337393294346294
 73 , -2.7614526100486874
 73 , -3.180964930881446
 73 , -3.6710485469915315
 73 , -3.004918841716813
 73 , -2.8279015863341392
 73 , -3.0976377470722642
 73 , -4.163833584009956
 73 , -3.641689427579497
 83 , -2.939110668505453
 83 , -2.7591401388080246
 83 , -3.111404855409231
 83 , -3.4729263822189953
 83 , -2.8217877181755595
 83 , -2.758213479916562
 83 , -3.1950651990630914
 83 , -3.2457473340244207
 83 , -2.7686168168524343
 83 , -3.3537186501696388
 83 , -4.038062961276512
 83 , -2.955942597844995
 83 , -2.746699918270891
 83 , -3.0929784892323013
 83 , -3.322236964446218
 83 , -2.7603950653259712
 83 , -2.718525634407936
 83 , -3.3597821805413455
 83 , -3.1366594980846685
 83 , -2.7254504408020184
 83 , -3.852986463835556
 83 , -3.5502050656816726
 83 , -2.760286315698081
 83 , -2.7868033705426702
 93 , -3.3910048971126754
 93 , -3.1607794933513618
 93 , -2.728504420353595
 93 , -3.581259375023284
 93 , -3.455661312344402
 93 , -2.6402685874327023
 93 , -2.634403474177117
 93 , -2.983054700168612
 93 , -3.260069964936614
 93 , -2.5874963561190105
 93 , -2.633074464682209
 93 , -3.0336805587431104
 93 , -3.0678592115371806
 93 , -2.817315669472396
 93 , -3.637513653391462
 93 , -3.4400916592478397
 93 , -2.6491689382526573
 93 , -2.672215020376493
 93 , -3.0830143975441553
 93 , -3.1022374889557143
 93 , -2.58286963713941
 93 , -3.0821356482411884
 93 , -3.3787663502265075
,
,
0,
 44 , -3.017224774784455
 44 , -2.3597239879380414
 44 , -2.4303851276077717
 44 , -2.88168203307884
 44 , -2.8169037131506176
 44 , -2.438836699010821
 44 , -3.3996445687212566
 44 , -3.1371166599178677
 44 , -2.347629766014795
 44 , -2.364941036879793
 44 , -2.7279687275848508
 44 , -2.9571086987366653
 44 , -2.423646458168478
 44 , -2.3925714603758466
 44 , -2.9722815734840213
 44 , -2.773748353961981
 44 , -2.478188244765277
 44 , -3.35702015885303
 44 , -3.0971988783647033
 44 , -3.962245770962522
 44 , -2.9427755065312815
 44 , -3.663989758470639
 54 , -2.80023068848831
 54 , -3.006400238984779
 54 , -2.162174557182589
 54 , -2.1321185588116696
 54 , -2.6721400456771875
 54 , -2.624514724790327
 54 , -2.1590934805403337
 54 , -2.70304480233643
 54 , -3.0416221889941046
 54 , -2.413380062972015
 54 , -2.179137288871014
 54 , -2.851130412790668
 54 , -2.8985484570568882
 54 , -2.2019875080181315
 54 , -2.232277916839644
 54 , -3.4093188485741015
 54 , -2.5421864660624163
 54 , -2.1892482897252803
 54 , -2.8330713398356373
 54 , -3.075100495269779
 54 , -2.2033303244457176
 64 , -2.618498718295191
 64 , -2.760377952620905
 64 , -2.1916567411730865
 64 , -2.1913698679133726
 64 , -2.63329510253607
 64 , -2.723132843051339
 64 , -2.219858773159057
 64 , -2.7385063681593333
 64 , -3.053390850150039
 64 , -2.4305139000999145
 64 , -2.250960059416732
 64 , -2.502639002144761
 64 , -2.9303956800097257
 64 , -2.231070609998051
 64 , -2.202663636406348
 64 , -2.721394233086242
 64 , -2.6193789730324912
 64 , -2.277078927426931
 64 , -3.401364699119923
 64 , -2.947710722260135
 64 , -2.1702638952632487
 74 , -3.4041289020012657
 74 , -3.1931287249008635
 74 , -2.577983683596709
 74 , -2.181688769688019
 74 , -2.7588600358666495
 74 , -2.7120729161080663
 74 , -2.1114819798521376
 74 , -3.2221384864609774
 74 , -3.050877034201413
 74 , -2.4963561836572254
 74 , -2.2294738090789785
 74 , -3.3224152106778866
 74 , -2.636485016832955
 74 , -2.146635445960606
 74 , -2.893837939276729
 74 , -2.9495492822505716
 74 , -2.203407750278352
 74 , -2.172052967370688
 74 , -2.4674493914941236
 74 , -2.7168495104767554
 74 , -2.1892962184311533
 84 , -2.287468859775377
 84 , -2.5452540716705285
 84 , -1.924101533855285
 84 , -1.9844115044088921
 84 , -2.524933153328143
 84 , -2.443968755311469
 84 , -1.975297027447023
 84 , -3.1689564413618694
 84 , -2.7327834460889404
 84 , -1.9785322851372598
 84 , -1.9613875282670346
 84 , -2.516090718628048
 84 , -2.544889587669533
 84 , -1.9537724444721172
 84 , -1.9012559755662615
 84 , -2.514756641394694
 84 , -2.3587771148910943
 84 , -2.0796245482189852
 84 , -2.957937974787667
 84 , -2.8007645666553147
 94 , -2.22757298110932
 94 , -1.9555883267155396
 94 , -2.553259682886341
 94 , -2.8121477804285355
 94 , -1.9559393429324174
 94 , -1.9550091433000185
 94 , -2.469204588482145
 94 , -2.4082920309347324
 94 , -1.9996234990821002
 94 , -2.50423857265276
 94 , -3.0196732009424023
 94 , -2.1374411549829953
 94 , -2.0640146281899
 94 , -2.6720074300024677
 94 , -2.6271704331646384
 94 , -1.981853189399029
 94 , -2.074777992991556
 94 , -2.6034185489266086
 94 , -2.382560701469651
 94 , -1.96029257523407
,
,
0,
 55 , -1.529477393964245
 55 , -2.0685182529860198
 55 , -1.962489328446908
 55 , -1.5171294580383918
 55 , -1.5360460347545668
 55 , -2.1929539776615505
 55 , -1.8326792779895962
 55 , -1.5098104907862755
 55 , -2.3205028260758205
 55 , -2.2525258397686048
 55 , -1.5161663278965445
 55 , -1.5266219725888552
 55 , -1.8517444761788462
 55 , -2.0793226213539233
 55 , -1.5156623498469892
 55 , -1.5531801629798878
 55 , -2.111010970882915
 55 , -1.9150234856510282
 65 , -1.492022275104149
 65 , -1.8491678907890587
 65 , -2.2031828960697464
 65 , -1.479578352719146
 65 , -1.4522844999239692
 65 , -2.102770584541469
 65 , -1.91696306328585
 65 , -1.471379725861151
 65 , -2.4987636413553966
 65 , -2.3535799629120655
 65 , -1.5710930952134747
 65 , -1.5442517912482638
 65 , -1.8078374058589501
 65 , -2.1550361308870163
 65 , -2.410328564040127
 65 , -2.5685734720803373
 65 , -2.400119618049275
 65 , -1.5984566730015444
 75 , -1.5043803331386134
 75 , -2.121880048606269
 75 , -1.877110507193952
 75 , -1.4462950099022907
 75 , -2.5511074370022606
 75 , -2.3009941638240607
 75 , -1.5819247594369936
 75 , -1.4867130394181418
 75 , -2.5816286730261746
 75 , -2.0732538370652445
 75 , -1.5092411622633843
 75 , -2.1198192470973747
 75 , -2.410391840176339
 75 , -1.6750571478191083
 75 , -1.6183884714456285
 75 , -1.8744214984986969
 75 , -2.2002344102092106
 75 , -1.4857448051544648
 85 , -1.2969211060113264
 85 , -1.2322212162184778
 85 , -1.6176627791915035
 85 , -1.825530863025153
 85 , -1.2799053420997366
 85 , -3.649474913319297
 85 , -2.6838681844770615
 85 , -1.826712964640297
 85 , -2.5098246531423722
 85 , -2.2459586848243984
 85 , -1.5386959359059191
 85 , -1.2533723612314236
 85 , -1.709673185573376
 85 , -1.8707275938985226
 85 , -1.2581998209533753
 85 , -1.8964498359127813
 85 , -2.924700158726574
 95 , -2.255995671591489
 95 , -2.0860918545094878
 95 , -1.311541913170862
 95 , -1.2498746172353765
 95 , -1.6921916368422483
 95 , -1.8289545829073526
 95 , -1.2662570319937372
 95 , -1.2545533204377322
 95 , -1.8134489822469946
 95 , -1.6539408118506784
 95 , -1.2697653107724798
 95 , -2.3220450436415327
 95 , -2.091296858288639
 95 , -1.264551215252863
 95 , -1.309893657289588
 95 , -2.2426132943276142
 95 , -1.8170556983672599
,
,
0,
 66 , -1.0236454238007449
 66 , -1.467268002123274
 66 , -1.43842756877884
 66 , -0.9894438189839555
 66 , -1.9533387134247635
 66 , -1.8917177792480695
 66 , -1.0872810383527967
 66 , -1.0237574099521622
 66 , -1.6259809738781852
 66 , -1.6229492893340456
 66 , -0.9465523326909338
 66 , -1.0405648200831747
 66 , -1.5955723201603098
 66 , -1.442238412863837
 66 , -1.0146073002920413
 66 , -2.143706542544162
 76 , -1.8891683495522595
 76 , -1.9001104247679188
 76 , -1.2078823555040121
 76 , -1.0081657770278516
 76 , -1.4224781546004037
 76 , -1.749629452069688
 76 , -1.0066956764630004
 76 , -0.9914700805819889
 76 , -1.6082379292895845
 76 , -1.5139564357013133
 76 , -0.9910442181753886
 76 , -2.1027703108147957
 76 , -1.8412517327034084
 76 , -1.0268704569326539
 76 , -1.0098171180706943
 76 , -1.3627968353815791
 86 , -0.7221445321077645
 86 , -1.2814253719377036
 86 , -1.2361412892916062
 86 , -1.2206528553239377
 86 , -0.8278666996779156
 86 , -1.3197884001305522
 86 , -1.5047098279737794
 86 , -0.9232083390099959
 86 , -0.7669818291126738
 86 , -1.1183399084762307
 86 , -1.4192441218181975
 86 , -0.8071992608556638
 86 , -0.7274167297164641
 86 , -1.2346796432854714
 86 , -1.2323209544306697
 96 , -0.6856279828535055
 96 , -1.247116823743095
 96 , -1.6372637930099987
 96 , -0.9109787834002308
 96 , -0.8124946189374677
 96 , -1.0740879302131459
 96 , -1.433666359150415
 96 , -0.7521747294306513
 96 , -0.6937541083103255
 96 , -1.375422977652219
 96 , -1.2326638039551878
 96 , -0.7249906488237822
 96 , -1.7476629198894011
 96 , -3.39473407606517
 96 , -2.212769677342849
,
,
0,
 77 , -1.416859022338287
 77 , -0.7356762894267127
 77 , -0.6710969397148323
 77 , -1.376598892356343
 77 , -1.2233442695501733
 77 , -0.7438339943961219
 77 , -1.4425551138709278
 77 , -1.4795717730137012
 77 , -0.7440365332991752
 77 , -0.7336900354387514
 77 , -1.1005119778149846
 77 , -1.309306048576957
 77 , -0.6708340340329265
 77 , -0.6989882112970458
 77 , -1.3130650657105964
 87 , -0.7052340157223181
 87 , -1.89276792883174
 87 , -1.5608876216658243
 87 , -0.7350053221137771
 87 , -0.7549196636999966
 87 , -1.8191347002573666
 87 , -1.1259157358366325
 87 , -0.7337560568122703
 87 , -1.7377708955736333
 87 , -1.5244999480665202
 87 , -0.7469149675718352
 87 , -0.6862348689965726
 87 , -1.0300007225634924
 87 , -1.499755554464694
 87 , -0.6806562235607961
 97 , -2.03523234903537
 97 , -1.837222574770975
 97 , -0.80968258490823
 97 , -1.2233482017083284
 97 , -1.45276679359266
 97 , -0.8418753425519648
 97 , -0.6936924734716648
 97 , -1.2343251861940272
 97 , -1.2823089344275573
 97 , -0.8012458337507579
 97 , -0.7220678525155168
 97 , -1.3886784099349643
 97 , -1.0422337390931964
 97 , -0.7399444035342932
 97 , -1.8027531429214667
,
,
0,
 88 , -1.4817337798542682
 88 , -4.126349364617205
 88 , -1.3077520104499194
 88 , -1.3345840875793211
 88 , -1.8378674345628945
 88 , -1.727931817842419
 88 , -1.3529356138870094
 88 , -2.2690619767545837
 88 , -3.457318110820953
 88 , -1.2405941680825936
 88 , -2.3676905996695132
 88 , -2.049580584849853
 88 , -1.2827300929006082
 88 , -1.1939795908365238
 88 , -1.5655333357423082
 88 , -1.927205637539974
 88 , -1.2652651799831522
 98 , -1.9673070819245377
 98 , -1.312051168159003
 98 , -1.215809549459182
 98 , -1.7138179050098576
 98 , -1.743637973448155
 98 , -1.5818798837372305
 98 , -2.2702510193605625
 98 , -1.9844067541454722
 98 , -1.2500324084469594
 98 , -1.214867503934065
 98 , -1.571569349031664
 98 , -1.877406174113647
 98 , -1.2429821313252278
 98 , -1.2283653215549137
 98 , -2.1314155654152964
 98 , -1.7109071583697835
 98 , -1.2607382901989634
,
,
0,
 99 , -2.602142998504066
 99 , -2.8041746040533964
 99 , -2.032513942720468
 99 , -2.1317358505248176
 99 , -2.430043957643266
 99 , -2.732601039171338
 99 , -1.9934421267335662
 99 , -2.523646483011758
 99 , -2.9268904204708517
 99 , -2.361991661866776
 99 , -2.0226669950046547
 99 , -2.419553317314242
 99 , -2.676618054698106
 99 , -2.0918428867439895
 99 , -1.9377432888382802
 99 , -2.571061287549956
 99 , -2.469362491701782
 99 , -1.914306686612432
 99 , -3.007751637713932
 99 , -2.7679716140303654
,
,
